{"cameraMode":{"drawMode":0,"name":"Shaded","section":"Shading Mode"},"sceneLighting":true,"audioPlay":false,"sceneViewState":{"showFog":true,"showMaterialUpdate":false,"showSkybox":true,"showFlares":true,"showImageEffects":true,"showParticleSystems":true},"in2DMode":false,"pivot":{"x":263.4739074707031,"y":0.5789471864700317,"z":267.933349609375},"rotation":{"x":-0.017045283690094949,"y":-0.32115161418914797,"z":0.005781357642263174,"w":-0.9468567371368408},"size":10.37309741973877,"orthographic":false}